“≥√ÊID,“≥√Ê√˚≥∆
com.timecat.module.welcome.mvp.ui.WelcomeActivity,com.timecat.module.welcome.mvp.ui.WelcomeActivity
com.timecat.module.controller.route.floating.RouterActivity,com.timecat.module.controller.route.floating.RouterActivity
com.timecat.module.controller.route.BurstLinkActivity,com.timecat.module.controller.route.BurstLinkActivity
com.timecat.module.controller.reminder.pomodoro.PomodoroActivity,com.timecat.module.controller.reminder.pomodoro.PomodoroActivity
com.timecat.module.controller.setting.SettingPomodoroActivity,com.timecat.module.controller.setting.SettingPomodoroActivity
com.timecat.module.controller.setting.SettingActivity,com.timecat.module.controller.setting.SettingActivity
com.timecat.module.controller.setting.SettingTimeCatActivity,com.timecat.module.controller.setting.SettingTimeCatActivity
com.timecat.module.controller.setting.SettingBurstLinkActivity,com.timecat.module.controller.setting.SettingBurstLinkActivity
com.timecat.module.controller.setting.SettingFloatViewActivity,com.timecat.module.controller.setting.SettingFloatViewActivity
com.timecat.module.controller.nlp.screen.CaptureResultActivity,com.timecat.module.controller.nlp.screen.CaptureResultActivity
com.timecat.module.controller.nlp.activity.TimeCatActivity,com.timecat.module.controller.nlp.activity.TimeCatActivity
com.timecat.module.controller.nlp.copy.CopyActivity,com.timecat.module.controller.nlp.copy.CopyActivity
com.timecat.module.controller.nlp.activity.OcrActivity,com.timecat.module.controller.nlp.activity.OcrActivity
com.timecat.module.controller.nlp.activity.WebActivity,com.timecat.module.controller.nlp.activity.WebActivity
com.timecat.module.controller.nlp.whitelist.WhiteListActivity,com.timecat.module.controller.nlp.whitelist.WhiteListActivity
com.timecat.module.controller.nlp.floatviewwhitelist.FloatViewWhiteListActivity,com.timecat.module.controller.nlp.floatviewwhitelist.FloatViewWhiteListActivity
com.timecat.module.controller.nlp.screen.ScreenCaptureActivity,com.timecat.module.controller.nlp.screen.ScreenCaptureActivity
com.timecat.component.ui.view.cropper.handler.CropImageActivity,com.timecat.component.ui.view.cropper.handler.CropImageActivity
com.timecat.module.controller.nlp.share.ShareAppManagerActivity,com.timecat.module.controller.nlp.share.ShareAppManagerActivity
com.timecat.module.controller.nlp.activity.UniversalCopyActivity,com.timecat.module.controller.nlp.activity.UniversalCopyActivity
com.timecat.module.controller.nlp.activity.TotalSwitchActivity,com.timecat.module.controller.nlp.activity.TotalSwitchActivity
com.timecat.module.controller.nlp.activity.KeepAliveActivity,com.timecat.module.controller.nlp.activity.KeepAliveActivity
com.timecat.module.controller.notification.enhance.EnhanceNotificationActivity,com.timecat.module.controller.notification.enhance.EnhanceNotificationActivity
com.timecat.module.controller.notification.enhance.NotifySkinActivity,com.timecat.module.controller.notification.enhance.NotifySkinActivity
com.timecat.module.controller.notification.enhance.AppsManageActivity,com.timecat.module.controller.notification.enhance.AppsManageActivity
com.timecat.module.controller.route.floating.AttachmentProxyActivity,com.timecat.module.controller.route.floating.AttachmentProxyActivity
com.timecat.module.master.activity.record.BlockSmallEditorActivity,com.timecat.module.master.activity.record.BlockSmallEditorActivity
com.timecat.module.controller.route.floating.ShareProxyActivity,com.timecat.module.controller.route.floating.ShareProxyActivity
com.timecat.module.controller.route.floating.SpeechProxyActivity,com.timecat.module.controller.route.floating.SpeechProxyActivity
com.timecat.module.master.activity.record.RecordListActivity,com.timecat.module.master.activity.record.RecordListActivity
com.orgzly.android.ui.LauncherActivity,com.orgzly.android.ui.LauncherActivity
com.orgzly.android.ui.main.MainActivity,com.orgzly.android.ui.main.MainActivity
com.orgzly.android.ui.share.ShareActivity,com.orgzly.android.ui.share.ShareActivity
com.orgzly.android.ui.settings.SettingsActivity,com.orgzly.android.ui.settings.SettingsActivity
com.orgzly.android.ui.repos.ReposActivity,com.orgzly.android.ui.repos.ReposActivity
com.orgzly.android.ui.repo.dropbox.DropboxRepoActivity,com.orgzly.android.ui.repo.dropbox.DropboxRepoActivity
com.dropbox.core.android.AuthActivity,com.dropbox.core.android.AuthActivity
com.orgzly.android.ui.repo.git.GitRepoActivity,com.orgzly.android.ui.repo.git.GitRepoActivity
com.orgzly.android.ui.repo.webdav.WebdavRepoActivity,com.orgzly.android.ui.repo.webdav.WebdavRepoActivity
com.orgzly.android.ui.repo.directory.DirectoryRepoActivity,com.orgzly.android.ui.repo.directory.DirectoryRepoActivity
com.orgzly.android.ui.repo.BrowserActivity,com.orgzly.android.ui.repo.BrowserActivity
com.orgzly.android.ui.BookChooserActivity,com.orgzly.android.ui.BookChooserActivity
com.orgzly.android.ui.TemplateChooserActivity,com.orgzly.android.ui.TemplateChooserActivity
com.orgzly.android.widgets.ListWidgetSelectionActivity,com.orgzly.android.widgets.ListWidgetSelectionActivity
com.orgzly.android.ui.SyncShortcutActivity,com.orgzly.android.ui.SyncShortcutActivity
com.timecat.module.everything.activities.ImageViewerActivity,com.timecat.module.everything.activities.ImageViewerActivity
com.timecat.module.everything.activities.SettingsActivity,com.timecat.module.everything.activities.SettingsActivity
com.timecat.module.everything.activities.StatisticActivity,com.timecat.module.everything.activities.StatisticActivity
com.timecat.module.everything.activities.AuthenticationActivity,com.timecat.module.everything.activities.AuthenticationActivity
com.timecat.module.everything.activities.DelayReminderActivity,com.timecat.module.everything.activities.DelayReminderActivity
com.timecat.module.everything.activities.ShortcutActivity,com.timecat.module.everything.activities.ShortcutActivity
com.timecat.module.everything.activities.StartDoingActivity,com.timecat.module.everything.activities.StartDoingActivity
com.timecat.module.everything.activities.DoingActivity,com.timecat.module.everything.activities.DoingActivity
com.timecat.module.everything.activities.NoticeableNotificationActivity,com.timecat.module.everything.activities.NoticeableNotificationActivity
com.timecat.module.everything.activities.RouterActivity,com.timecat.module.everything.activities.RouterActivity
com.timecat.module.git.repolist.RepoListActivity,com.timecat.module.git.repolist.RepoListActivity
com.timecat.module.git.sgit.activities.RepoDetailActivity,com.timecat.module.git.sgit.activities.RepoDetailActivity
com.timecat.module.git.sgit.activities.ViewFileActivity,com.timecat.module.git.sgit.activities.ViewFileActivity
com.timecat.module.git.sgit.activities.BranchChooserActivity,com.timecat.module.git.sgit.activities.BranchChooserActivity
com.timecat.module.git.sgit.activities.CommitDiffActivity,com.timecat.module.git.sgit.activities.CommitDiffActivity
com.timecat.module.git.sgit.activities.explorer.ImportRepositoryActivity,com.timecat.module.git.sgit.activities.explorer.ImportRepositoryActivity
com.timecat.module.git.sgit.activities.explorer.PrivateKeyManageActivity,com.timecat.module.git.sgit.activities.explorer.PrivateKeyManageActivity
com.timecat.module.git.sgit.activities.explorer.ExploreFileActivity,com.timecat.module.git.sgit.activities.explorer.ExploreFileActivity
com.timecat.module.git.sgit.activities.UserSettingsActivity,com.timecat.module.git.sgit.activities.UserSettingsActivity
com.timecat.module.git.sgit.activities.explorer.ExploreRootDirActivity,com.timecat.module.git.sgit.activities.explorer.ExploreRootDirActivity
com.maubis.scarlet.base.MainActivity,com.maubis.scarlet.base.MainActivity
com.maubis.scarlet.base.security.activity.AppLockActivity,com.maubis.scarlet.base.security.activity.AppLockActivity
com.maubis.scarlet.base.note.creation.activity.ViewAdvancedNoteActivity,com.maubis.scarlet.base.note.creation.activity.ViewAdvancedNoteActivity
com.maubis.scarlet.base.note.creation.activity.CreateNoteActivity,com.maubis.scarlet.base.note.creation.activity.CreateNoteActivity
com.maubis.scarlet.base.note.creation.activity.CreateListNoteActivity,com.maubis.scarlet.base.note.creation.activity.CreateListNoteActivity
com.maubis.scarlet.base.note.creation.activity.NoteIntentRouterActivity,com.maubis.scarlet.base.note.creation.activity.NoteIntentRouterActivity
com.maubis.scarlet.base.export.activity.ImportNoteActivity,com.maubis.scarlet.base.export.activity.ImportNoteActivity
com.maubis.scarlet.base.note.creation.activity.ShareToScarletRouterActivity,com.maubis.scarlet.base.note.creation.activity.ShareToScarletRouterActivity
com.maubis.scarlet.base.main.activity.OpenTextIntentOrFileActivity,com.maubis.scarlet.base.main.activity.OpenTextIntentOrFileActivity
com.maubis.scarlet.base.main.activity.WidgetConfigureActivity,com.maubis.scarlet.base.main.activity.WidgetConfigureActivity
com.maubis.scarlet.base.note.selection.activity.SelectNotesActivity,com.maubis.scarlet.base.note.selection.activity.SelectNotesActivity
com.timecat.module.about.activity.TasksHelpActivity,com.timecat.module.about.activity.TasksHelpActivity
com.timecat.module.about.activity.HabitsHelpActivity,com.timecat.module.about.activity.HabitsHelpActivity
com.timecat.module.about.activity.NotesHelpActivity,com.timecat.module.about.activity.NotesHelpActivity
com.timecat.module.about.activity.HowToUseActivity,com.timecat.module.about.activity.HowToUseActivity
com.timecat.module.about.activity.LicenseActivity,com.timecat.module.about.activity.LicenseActivity
com.timecat.module.about.activity.AboutActivity,com.timecat.module.about.activity.AboutActivity
com.timecat.module.about.activity.DonateActivity,com.timecat.module.about.activity.DonateActivity
com.timecat.module.about.activity.statistic.StatisticalActivity,com.timecat.module.about.activity.statistic.StatisticalActivity
com.timecat.module.about.activity.statistic.detail.AppDetailActivity,com.timecat.module.about.activity.statistic.detail.AppDetailActivity
com.timecat.module.developer.activity.DeveloperActivity,com.timecat.module.developer.activity.DeveloperActivity
com.timecat.module.developer.activity.MiaoKeyActivity,com.timecat.module.developer.activity.MiaoKeyActivity
com.timecat.module.developer.activity.RecommendActivity,com.timecat.module.developer.activity.RecommendActivity
com.timecat.module.developer.activity.RecordActivity,com.timecat.module.developer.activity.RecordActivity
com.timecat.module.developer.activity.UserActivity,com.timecat.module.developer.activity.UserActivity
com.timecat.module.timetable.MainActivity,com.timecat.module.timetable.MainActivity
com.timecat.module.timetable.activity.hpu.ImportMajorActivity,com.timecat.module.timetable.activity.hpu.ImportMajorActivity
com.timecat.module.timetable.activity.schedule.TimetableDetailActivity,com.timecat.module.timetable.activity.schedule.TimetableDetailActivity
com.timecat.module.timetable.activity.hpu.HpuRepertoryActivity,com.timecat.module.timetable.activity.hpu.HpuRepertoryActivity
com.timecat.module.timetable.activity.schedule.AddTimetableActivity,com.timecat.module.timetable.activity.schedule.AddTimetableActivity
com.timecat.module.timetable.activity.MenuActivity,com.timecat.module.timetable.activity.MenuActivity
com.timecat.module.timetable.activity.WebViewActivity,com.timecat.module.timetable.activity.WebViewActivity
com.timecat.module.timetable.activity.schedule.TimetableManagerActivity,com.timecat.module.timetable.activity.schedule.TimetableManagerActivity
com.timecat.module.timetable.activity.schedule.MultiScheduleActivity,com.timecat.module.timetable.activity.schedule.MultiScheduleActivity
com.timecat.module.timetable.activity.AboutActivity,com.timecat.module.timetable.activity.AboutActivity
com.timecat.module.timetable.activity.ScanActivity,com.timecat.module.timetable.activity.ScanActivity
com.timecat.module.timetable.activity.schedule.CreateScheduleNameActivity,com.timecat.module.timetable.activity.schedule.CreateScheduleNameActivity
com.timecat.module.timetable.activity.schedule.ModifyScheduleNameActivity,com.timecat.module.timetable.activity.schedule.ModifyScheduleNameActivity
com.timecat.module.timetable.activity.adapter.SearchSchoolActivity,com.timecat.module.timetable.activity.adapter.SearchSchoolActivity
com.timecat.module.timetable.activity.adapter.UploadHtmlActivity,com.timecat.module.timetable.activity.adapter.UploadHtmlActivity
com.timecat.module.timetable.activity.adapter.AdapterTipActivity,com.timecat.module.timetable.activity.adapter.AdapterTipActivity
com.timecat.module.timetable.activity.adapter.AdapterSchoolActivity,com.timecat.module.timetable.activity.adapter.AdapterSchoolActivity
com.timecat.module.timetable.activity.adapter.AdapterSameTypeActivity,com.timecat.module.timetable.activity.adapter.AdapterSameTypeActivity
com.timecat.module.timetable.activity.debug.AdapterDebugListActivity,com.timecat.module.timetable.activity.debug.AdapterDebugListActivity
com.timecat.module.timetable.activity.debug.AdapterDebugHtmlActivity,com.timecat.module.timetable.activity.debug.AdapterDebugHtmlActivity
com.timecat.module.timetable.activity.debug.DebugActivity,com.timecat.module.timetable.activity.debug.DebugActivity
com.timecat.module.timetable.activity.debug.AdapterDebugTipActivity,com.timecat.module.timetable.activity.debug.AdapterDebugTipActivity
com.timecat.module.timetable.activity.debug.DebugDisplayActivity,com.timecat.module.timetable.activity.debug.DebugDisplayActivity
com.timecat.module.timetable.activity.ThemeMarketActivity,com.timecat.module.timetable.activity.ThemeMarketActivity
com.timecat.module.timetable.activity.StationWebViewActivity,com.timecat.module.timetable.activity.StationWebViewActivity
com.timecat.module.timetable.activity.MessageActivity,com.timecat.module.timetable.activity.MessageActivity
com.timecat.module.timetable.activity.BindSchoolActivity,com.timecat.module.timetable.activity.BindSchoolActivity
com.timecat.module.welcome.mvp.ui.WelcomeGuideActivity,com.timecat.module.welcome.mvp.ui.WelcomeGuideActivity
com.timecat.module.welcome.mvp.ui.PreSettingActivity,com.timecat.module.welcome.mvp.ui.PreSettingActivity
com.timecat.module.user.mvp.user.UserDetailActivity,com.timecat.module.user.mvp.user.UserDetailActivity
com.timecat.module.user.mvp.ui.activity.UserFollowerListActivity,com.timecat.module.user.mvp.ui.activity.UserFollowerListActivity
com.timecat.module.user.mvp.ui.activity.UserFollowListActivity,com.timecat.module.user.mvp.ui.activity.UserFollowListActivity
com.timecat.module.user.mvp.saying.AddSayingActivity,com.timecat.module.user.mvp.saying.AddSayingActivity
com.timecat.module.user.mvp.saying.SayingActivity,com.timecat.module.user.mvp.saying.SayingActivity
com.timecat.module.user.ui.UserMessageActivity,com.timecat.module.user.ui.UserMessageActivity
com.timecat.module.user.ui.UserHomepageActivity,com.timecat.module.user.ui.UserHomepageActivity
com.timecat.module.user.mvp.saying.MySayingActivity,com.timecat.module.user.mvp.saying.MySayingActivity
com.timecat.module.user.mvp.book.MyBookActivity,com.timecat.module.user.mvp.book.MyBookActivity
com.timecat.module.user.mvp.book.AddBookActivity,com.timecat.module.user.mvp.book.AddBookActivity
com.timecat.module.user.mvp.book.BookActivity,com.timecat.module.user.mvp.book.BookActivity
com.timecat.module.user.ui.LikeActivity,com.timecat.module.user.ui.LikeActivity
com.timecat.module.user.mvp.saying.EditSayingActivity,com.timecat.module.user.mvp.saying.EditSayingActivity
com.timecat.module.user.mvp.book.EditBookActivity,com.timecat.module.user.mvp.book.EditBookActivity
com.timecat.module.user.ui.SearchActivity,com.timecat.module.user.ui.SearchActivity
com.timecat.module.user.mvp.hot.HotBooksActivity,com.timecat.module.user.mvp.hot.HotBooksActivity
com.timecat.module.user.mvp.hot.HotSayingsActivity,com.timecat.module.user.mvp.hot.HotSayingsActivity
com.timecat.module.user.ui.AllArticlesActivity,com.timecat.module.user.ui.AllArticlesActivity
com.timecat.module.user.ui.ArticleActivity,com.timecat.module.user.ui.ArticleActivity
com.timecat.module.user.mvp.hot.HotUsersActivity,com.timecat.module.user.mvp.hot.HotUsersActivity
com.timecat.module.user.ui.VerifyEmailActivity,com.timecat.module.user.ui.VerifyEmailActivity
com.timecat.module.user.mvp.message.MessageAlertActivity,com.timecat.module.user.mvp.message.MessageAlertActivity
com.timecat.module.user.utils.PicturePreviewActivity,com.timecat.module.user.utils.PicturePreviewActivity
com.timecat.module.user.mvp.cloud.CloudActivity,com.timecat.module.user.mvp.cloud.CloudActivity
com.timecat.module.user.mvp.cloud.WorldActivity,com.timecat.module.user.mvp.cloud.WorldActivity
com.timecat.module.user.mvp.ui.activity.channel.CustomChannelActivity,com.timecat.module.user.mvp.ui.activity.channel.CustomChannelActivity
com.timecat.module.user.mvp.moment.AddMomentActivity,com.timecat.module.user.mvp.moment.AddMomentActivity
com.timecat.module.user.mvp.moment.UserListActivity,com.timecat.module.user.mvp.moment.UserListActivity
com.timecat.module.user.mvp.moment.TopicListActivity,com.timecat.module.user.mvp.moment.TopicListActivity
com.timecat.module.user.mvp.app.AppDetailActivity,com.timecat.module.user.mvp.app.AppDetailActivity
com.timecat.module.user.mvp.leaderboard.LeaderBoardHomeActivity,com.timecat.module.user.mvp.leaderboard.LeaderBoardHomeActivity
com.timecat.module.user.mvp.leaderboard.LeaderBoardDetailActivity,com.timecat.module.user.mvp.leaderboard.LeaderBoardDetailActivity
com.timecat.module.user.mvp.leaderboard.RecommendActivity,com.timecat.module.user.mvp.leaderboard.RecommendActivity
com.timecat.module.user.mvp.app.MomentDetailActivity,com.timecat.module.user.mvp.app.MomentDetailActivity
com.timecat.module.user.mvp.app.CommentDetailActivity,com.timecat.module.user.mvp.app.CommentDetailActivity
com.timecat.module.user.mvp.moment.AddCommentActivity,com.timecat.module.user.mvp.moment.AddCommentActivity
com.timecat.module.search.mvp.ui.activity.SearchActivity,com.timecat.module.search.mvp.ui.activity.SearchActivity
com.timecat.module.search.mvp.ui.activity.SearchProductsActivity,com.timecat.module.search.mvp.ui.activity.SearchProductsActivity
com.timecat.login.mvp.ui.activity.LoginActivity,com.timecat.login.mvp.ui.activity.LoginActivity
com.timecat.login.mvp.ui.activity.ProtocolActivity,com.timecat.login.mvp.ui.activity.ProtocolActivity
com.timecat.login.mvp.ui.activity.RegisterCheckExistActivity,com.timecat.login.mvp.ui.activity.RegisterCheckExistActivity
com.timecat.login.mvp.ui.activity.RegisterVerificationCodeActivity,com.timecat.login.mvp.ui.activity.RegisterVerificationCodeActivity
com.timecat.login.mvp.ui.activity.ForgotPwdCheckExistActivity,com.timecat.login.mvp.ui.activity.ForgotPwdCheckExistActivity
com.timecat.login.mvp.ui.activity.ForgotPwdVerificationCodeActivity,com.timecat.login.mvp.ui.activity.ForgotPwdVerificationCodeActivity
com.timecat.login.mvp.ui.activity.ForgotPwdSetNewPwdActivity,com.timecat.login.mvp.ui.activity.ForgotPwdSetNewPwdActivity
com.timecat.login.mvp.ui.activity.RegisterSetPwdActivity,com.timecat.login.mvp.ui.activity.RegisterSetPwdActivity
com.timecat.module.master.activity.plans.PlanListActivity,com.timecat.module.master.activity.plans.PlanListActivity
com.timecat.module.master.activity.mainline.main.MainActivity,com.timecat.module.master.activity.mainline.main.MainActivity
com.timecat.module.master.activity.channel.CustomChannelActivity,com.timecat.module.master.activity.channel.CustomChannelActivity
com.timecat.module.master.activity.RouterActivity,com.timecat.module.master.activity.RouterActivity
com.timecat.module.master.fragment.im.export.IMLocalChatActivity,com.timecat.module.master.fragment.im.export.IMLocalChatActivity
com.timecat.module.master.fragment.im.chat.IMLocalPreviewActivity,com.timecat.module.master.fragment.im.chat.IMLocalPreviewActivity
com.timecat.module.main.mvp.ui.activity.searchengine.SearchEngineActivity,com.timecat.module.main.mvp.ui.activity.searchengine.SearchEngineActivity
com.timecat.module.main.miniapp.activities.MiniAppsActivity,com.timecat.module.main.miniapp.activities.MiniAppsActivity
com.timecat.module.main.miniapp.activities.SettingMiniAppActivity,com.timecat.module.main.miniapp.activities.SettingMiniAppActivity
com.timecat.module.main.miniapp.activities.ChooseShortcutsActivity,com.timecat.module.main.miniapp.activities.ChooseShortcutsActivity
com.timecat.module.main.miniapp.notifications.Shortcut1Activity,com.timecat.module.main.miniapp.notifications.Shortcut1Activity
com.timecat.module.main.miniapp.notifications.Shortcut2Activity,com.timecat.module.main.miniapp.notifications.Shortcut2Activity
com.timecat.module.main.miniapp.notifications.Shortcut3Activity,com.timecat.module.main.miniapp.notifications.Shortcut3Activity
com.timecat.module.main.miniapp.notifications.Shortcut4Activity,com.timecat.module.main.miniapp.notifications.Shortcut4Activity
com.timecat.module.main.miniapp.notifications.Shortcut5Activity,com.timecat.module.main.miniapp.notifications.Shortcut5Activity
com.timecat.module.main.miniapp.notifications.Shortcut6Activity,com.timecat.module.main.miniapp.notifications.Shortcut6Activity
com.timecat.module.main.mvp.ui.activity.permission.PermissionActivity,com.timecat.module.main.mvp.ui.activity.permission.PermissionActivity
com.timecat.module.main.mvp.ui.activity.lab.LabActivity,com.timecat.module.main.mvp.ui.activity.lab.LabActivity
com.timecat.module.main.mvp.ui.activity.lab.BiliCoverActivity,com.timecat.module.main.mvp.ui.activity.lab.BiliCoverActivity
com.timecat.module.main.mvp.ui.activity.web.WebViewActivity,com.timecat.module.main.mvp.ui.activity.web.WebViewActivity
com.timecat.module.main.mvp.ui.activity.supercard.SuperCardActivity,com.timecat.module.main.mvp.ui.activity.supercard.SuperCardActivity
com.timecat.module.main.mvp.ui.activity.collection.CollectionListActivity,com.timecat.module.main.mvp.ui.activity.collection.CollectionListActivity
com.timecat.module.main.mvp.ui.activity.tag.TagListActivity,com.timecat.module.main.mvp.ui.activity.tag.TagListActivity
com.timecat.module.editor.markdown.MarkdownEditorActivity,com.timecat.module.editor.markdown.MarkdownEditorActivity
com.timecat.module.editor.markdown.MenuSortActivity,com.timecat.module.editor.markdown.MenuSortActivity
com.kunfei.bookshelf.view.activity.WelcomeActivity,com.kunfei.bookshelf.view.activity.WelcomeActivity
com.kunfei.bookshelf.view.activity.WelcomeBookActivity,com.kunfei.bookshelf.view.activity.WelcomeBookActivity
com.kunfei.bookshelf.view.activity.WelcomeToReadActivity,com.kunfei.bookshelf.view.activity.WelcomeToReadActivity
com.kunfei.bookshelf.view.activity.ReadBookActivity,com.kunfei.bookshelf.view.activity.ReadBookActivity
com.kunfei.bookshelf.view.activity.ReceivingSharedActivity,com.kunfei.bookshelf.view.activity.ReceivingSharedActivity
com.kunfei.bookshelf.view.activity.QRCodeScanActivity,com.kunfei.bookshelf.view.activity.QRCodeScanActivity
com.kunfei.bookshelf.view.activity.MainActivity,com.kunfei.bookshelf.view.activity.MainActivity
com.kunfei.bookshelf.view.activity.SearchBookActivity,com.kunfei.bookshelf.view.activity.SearchBookActivity
com.kunfei.bookshelf.view.activity.ChoiceBookActivity,com.kunfei.bookshelf.view.activity.ChoiceBookActivity
com.kunfei.bookshelf.view.activity.BookDetailActivity,com.kunfei.bookshelf.view.activity.BookDetailActivity
com.kunfei.bookshelf.view.activity.ImportBookActivity,com.kunfei.bookshelf.view.activity.ImportBookActivity
com.kunfei.bookshelf.view.activity.BookSourceActivity,com.kunfei.bookshelf.view.activity.BookSourceActivity
com.kunfei.bookshelf.view.activity.ReplaceRuleActivity,com.kunfei.bookshelf.view.activity.ReplaceRuleActivity
com.kunfei.bookshelf.view.activity.SettingActivity,com.kunfei.bookshelf.view.activity.SettingActivity
com.kunfei.bookshelf.view.activity.ThemeSettingActivity,com.kunfei.bookshelf.view.activity.ThemeSettingActivity
com.kunfei.bookshelf.view.activity.AboutActivity,com.kunfei.bookshelf.view.activity.AboutActivity
com.kunfei.bookshelf.view.activity.DonateActivity,com.kunfei.bookshelf.view.activity.DonateActivity
com.kunfei.bookshelf.view.activity.SourceEditActivity,com.kunfei.bookshelf.view.activity.SourceEditActivity
com.kunfei.bookshelf.view.activity.ReadStyleActivity,com.kunfei.bookshelf.view.activity.ReadStyleActivity
com.kunfei.bookshelf.view.activity.DownloadActivity,com.kunfei.bookshelf.view.activity.DownloadActivity
com.kunfei.bookshelf.view.activity.BookInfoEditActivity,com.kunfei.bookshelf.view.activity.BookInfoEditActivity
com.kunfei.bookshelf.view.activity.UpdateActivity,com.kunfei.bookshelf.view.activity.UpdateActivity
com.kunfei.bookshelf.view.activity.ChapterListActivity,com.kunfei.bookshelf.view.activity.ChapterListActivity
com.kunfei.bookshelf.view.activity.SourceLoginActivity,com.kunfei.bookshelf.view.activity.SourceLoginActivity
com.kunfei.bookshelf.view.activity.SourceDebugActivity,com.kunfei.bookshelf.view.activity.SourceDebugActivity
com.kunfei.bookshelf.view.activity.TxtChapterRuleActivity,com.kunfei.bookshelf.view.activity.TxtChapterRuleActivity
com.kunfei.bookshelf.help.permission.PermissionActivity,com.kunfei.bookshelf.help.permission.PermissionActivity
com.timecat.module.read.NovelConversationBookListActivity,com.timecat.module.read.NovelConversationBookListActivity
acr.browser.lightning.MainActivity,acr.browser.lightning.MainActivity
acr.browser.lightning.IncognitoActivity,acr.browser.lightning.IncognitoActivity
acr.browser.lightning.settings.activity.SettingsActivity,acr.browser.lightning.settings.activity.SettingsActivity
acr.browser.lightning.reading.activity.ReadingActivity,acr.browser.lightning.reading.activity.ReadingActivity
com.fastaccess.ui.modules.main.MainActivity,com.fastaccess.ui.modules.main.MainActivity
com.fastaccess.ui.modules.login.LoginActivity,com.fastaccess.ui.modules.login.LoginActivity
com.fastaccess.ui.modules.login.chooser.LoginChooserActivity,com.fastaccess.ui.modules.login.chooser.LoginChooserActivity
com.fastaccess.ui.modules.user.UserPagerActivity,com.fastaccess.ui.modules.user.UserPagerActivity
com.fastaccess.ui.modules.repos.RepoPagerActivity,com.fastaccess.ui.modules.repos.RepoPagerActivity
com.fastaccess.ui.modules.repos.issues.issue.details.IssuePagerActivity,com.fastaccess.ui.modules.repos.issues.issue.details.IssuePagerActivity
com.fastaccess.ui.modules.repos.issues.create.CreateIssueActivity,com.fastaccess.ui.modules.repos.issues.create.CreateIssueActivity
com.fastaccess.ui.modules.repos.pull_requests.pull_request.details.PullRequestPagerActivity,com.fastaccess.ui.modules.repos.pull_requests.pull_request.details.PullRequestPagerActivity
com.fastaccess.ui.modules.repos.code.commit.details.CommitPagerActivity,com.fastaccess.ui.modules.repos.code.commit.details.CommitPagerActivity
com.fastaccess.ui.modules.code.CodeViewerActivity,com.fastaccess.ui.modules.code.CodeViewerActivity
com.fastaccess.ui.modules.editor.EditorActivity,com.fastaccess.ui.modules.editor.EditorActivity
com.fastaccess.ui.modules.gists.create.CreateGistActivity,com.fastaccess.ui.modules.gists.create.CreateGistActivity
com.fastaccess.ui.modules.gists.gist.GistActivity,com.fastaccess.ui.modules.gists.gist.GistActivity
com.fastaccess.ui.modules.search.SearchActivity,com.fastaccess.ui.modules.search.SearchActivity
com.fastaccess.ui.modules.notification.NotificationActivity,com.fastaccess.ui.modules.notification.NotificationActivity
com.fastaccess.ui.modules.pinned.PinnedReposActivity,com.fastaccess.ui.modules.pinned.PinnedReposActivity
com.fastaccess.ui.modules.gists.GistsListActivity,com.fastaccess.ui.modules.gists.GistsListActivity
com.fastaccess.ui.modules.profile.org.teams.details.TeamPagerActivity,com.fastaccess.ui.modules.profile.org.teams.details.TeamPagerActivity
com.fastaccess.ui.modules.repos.code.files.activity.RepoFilesActivity,com.fastaccess.ui.modules.repos.code.files.activity.RepoFilesActivity
com.fastaccess.ui.modules.filter.issues.FilterIssuesActivity,com.fastaccess.ui.modules.filter.issues.FilterIssuesActivity
com.fastaccess.ui.modules.main.donation.DonationActivity,com.fastaccess.ui.modules.main.donation.DonationActivity
com.fastaccess.ui.modules.repos.code.commit.viewer.FullCommitFileActivity,com.fastaccess.ui.modules.repos.code.commit.viewer.FullCommitFileActivity
com.fastaccess.ui.modules.search.repos.files.SearchFileActivity,com.fastaccess.ui.modules.search.repos.files.SearchFileActivity
com.fastaccess.ui.modules.settings.SettingsActivity,com.fastaccess.ui.modules.settings.SettingsActivity
com.fastaccess.ui.modules.settings.category.SettingsCategoryActivity,com.fastaccess.ui.modules.settings.category.SettingsCategoryActivity
com.fastaccess.ui.modules.repos.code.releases.ReleasesListActivity,com.fastaccess.ui.modules.repos.code.releases.ReleasesListActivity
com.fastaccess.ui.modules.trending.TrendingActivity,com.fastaccess.ui.modules.trending.TrendingActivity
com.fastaccess.ui.modules.theme.ThemeActivity,com.fastaccess.ui.modules.theme.ThemeActivity
com.fastaccess.ui.modules.theme.code.ThemeCodeActivity,com.fastaccess.ui.modules.theme.code.ThemeCodeActivity
com.fastaccess.ui.modules.repos.wiki.WikiActivity,com.fastaccess.ui.modules.repos.wiki.WikiActivity
com.fastaccess.ui.modules.main.premium.PremiumActivity,com.fastaccess.ui.modules.main.premium.PremiumActivity
com.fastaccess.ui.modules.repos.git.EditRepoFileActivity,com.fastaccess.ui.modules.repos.git.EditRepoFileActivity
com.fastaccess.ui.modules.repos.code.commit.history.FileCommitHistoryActivity,com.fastaccess.ui.modules.repos.code.commit.history.FileCommitHistoryActivity
com.fastaccess.ui.modules.repos.projects.details.ProjectPagerActivity,com.fastaccess.ui.modules.repos.projects.details.ProjectPagerActivity
com.fastaccess.ui.modules.profile.org.project.OrgProjectActivity,com.fastaccess.ui.modules.profile.org.project.OrgProjectActivity
com.fastaccess.ui.modules.repos.pull_requests.pull_request.details.files.fullscreen.FullScreenFileChangeActivity,com.fastaccess.ui.modules.repos.pull_requests.pull_request.details.files.fullscreen.FullScreenFileChangeActivity
com.fastaccess.ui.modules.search.SearchUserActivity,com.fastaccess.ui.modules.search.SearchUserActivity
com.fastaccess.ui.modules.parser.LinksParserActivity,com.fastaccess.ui.modules.parser.LinksParserActivity
com.timecat.module.moment.PublishActivity,com.timecat.module.moment.PublishActivity
com.timecat.module.moment.activity.circledemo.MomentFriendCircleActivity,com.timecat.module.moment.activity.circledemo.MomentFriendCircleActivity
com.timecat.module.moment.activity.gallery.PhotoBrowseActivity,com.timecat.module.moment.activity.gallery.PhotoBrowseActivity
com.timecat.module.moment.activity.circledemo.MomentFriendCircleFragmentActivity,com.timecat.module.moment.activity.circledemo.MomentFriendCircleFragmentActivity
com.timecat.module.photoselector.PhotoSelectActivity,com.timecat.module.photoselector.PhotoSelectActivity
com.timecat.module.photoselector.PhotoMultiBrowserActivity,com.timecat.module.photoselector.PhotoMultiBrowserActivity
my.shouheng.palmmarkdown.MenuSortActivity,my.shouheng.palmmarkdown.MenuSortActivity
cn.bmob.v3.update.UpdateDialogActivity,cn.bmob.v3.update.UpdateDialogActivity
com.vmloft.develop.library.tools.permission.VMPermissionActivity,com.vmloft.develop.library.tools.permission.VMPermissionActivity
com.vmloft.develop.library.tools.picker.ui.VMPickGridActivity,com.vmloft.develop.library.tools.picker.ui.VMPickGridActivity
com.vmloft.develop.library.tools.picker.ui.VMPickCropActivity,com.vmloft.develop.library.tools.picker.ui.VMPickCropActivity
com.vmloft.develop.library.tools.picker.ui.VMPickPreviewActivity,com.vmloft.develop.library.tools.picker.ui.VMPickPreviewActivity
com.mikepenz.aboutlibraries.ui.LibsActivity,com.mikepenz.aboutlibraries.ui.LibsActivity
androidx.biometric.DeviceCredentialHandlerActivity,androidx.biometric.DeviceCredentialHandlerActivity
com.zhuangfei.classbox.activity.AuthActivity,com.zhuangfei.classbox.activity.AuthActivity
com.journeyapps.barcodescanner.CaptureActivity,com.journeyapps.barcodescanner.CaptureActivity
com.tencent.bugly.beta.ui.BetaActivity,com.tencent.bugly.beta.ui.BetaActivity
